Title,Material,Estimated_Price
Custom Stamping CNC Machining & Bending Precision Stainless Steel Parts Metal Fabrication Service with Wire EDM Technology,Steel,0.55
Custom Milling Machining Cnc Part 6061 7075 Aluminum Machined Part Cnc Turning Lathe Service Custom Cnc Turning For Bushing,Aluminum,0.55
OEM Custom Cnc Milling Turning Stainless Steel Aluminum Brass Metal Parts 5 Axis Cnc Machining Anodized Metal Services,Aluminum,1.55
Customized Metal Parts Stainless Steel Aluminum Turning Cutting Milling Precision Rapid Prototype Machining Service,Aluminum,1.55
Custom CNC Fabrication Milling Parts Services Stainless Machining 4140 High Precision Parts 5 Axis CNC Components Precision,Other,2.0
Oem Custom Metal Kit CNC Processing Milled Aluminum Steel Copper Components Service Providing Quality CNC,Aluminum,2.0
Custom Stainless Steel Hardware Parts Precision Machining by CNC Milling & Wire EDM for Metal & Stainless Steel Projects,Steel,0.46
High Precision CNC Lathe Turning Milling Machining Parts Custom Quality Aluminum Stainless Steel Brass Fabrication Services,Aluminum,0.46
OEM High Precision CNC Machining Service Manufacturer Custom Turning Brass Stainless Steel Aluminum Parts,Aluminum,2.2
CNC Milling Machining Services Custom Oem Turning Milled Metal Parts Manufacturing Precision CNC Custom Services,Other,2.2
High Precision Custom Auto Spare Parts CNC Machining Mechanical Work,Other,0.51
Factory Cnc Manufacturing Milling Turned Components Machined Prototype Processing High Precision Custom Fabrication Services,Other,0.51
Shenzhen High Precision Oem Custom Plastic Mould Parts Cnc Machining Service,Other,6.53
High Precision 3/4/5 Axis Cnc Machining Aluminum Parts Factory Customized Stainless Steel 304 316 Non-standard,Aluminum,6.53
OEM Custom CNC Milling Turning Stainless Steel Aluminum Brass Metal Parts 5 Axis CNC Machining Services Spline Shaft,Aluminum,0.59
Wholesale CNC Machining Services Black Chrome Plating Aluminum Parts Milling Service For Custom Parts,Aluminum,0.59
Custom Manufacturing Cnc Machining Machined Metal Oem Aluminum Services Milling Parts Machining,Aluminum,0.52
CNC Manufacturing Suppliers Companies Prototype Turning Milling Metal Machine Components Precision OEM Machine,Other,0.52
High Precision Custom Made CNC Machining Turning Milling OEM Cnc Machined Aluminum Parts,Aluminum,0.7
China Oem Car Spare Cnc Machining Parts Automotive Spare Train Parts Railway Train Aluminum Parts,Aluminum,0.7
Custom Stainless CNC Turning-Milling Machining Services Cnc Machining Mould Parts,Other,0.99
BERGEK Oem Custom Abs/pvc/pc Nylon Plastic CNC Parts Urethane Plastic Shell Injection Molding Services Manufacturer,Other,0.99
Customized CNC Machining Parts CNC Machining Metal Mechanical Parts,Other,49.99
OEM Casting Services Lost Wax Investment Casting Products Stainless Steel Fabrication Services CNC,Steel,49.99
China Supplier Custom CNC Machining Stainless Steel Machining Aluminum Parts All Kinds of Eccentric Shaft,Aluminum,2.4
Copper & Stainless Steel 5 Axis CNC Machining Services Precision Parts Manufacturing Milling Letting Blanks Turning Techniques,Steel,2.4
Custom 5 Axis CNC Machining Service Milling Aluminum & Stainless Steel Parts,Aluminum,2.74
Custom Stainless Steel 304 316 CNC Machining And Deep Drawn Stamping Handle Machining Parts 5 Axis Service,Steel,2.74
CNC Machining Services Cnc Spare Parts Custom Precision Manufacture Fabrication Services Cnc,Other,3.5
Other Fabrication Services Anodized Aluminum Parts CNC Laser & Machining For Motorcycle Accessories Custom Turning Services,Aluminum,3.5
"OEM Cnc Machining Aluminum Parts Manufacturer,Aluminum 6061 7075 CNC Turning , Cheap Service",Aluminum,3.79
OEM Precision Metal Casting Factory Investment Casting Services For Machinery Parts CNC Machining Custom Lost Wax Casting,Other,3.79
5 Axis Cnc Machining Cnc Milling Parts Machining Services Cnc Custom Parts,Other,1.0
Custom Precision Machining Milling Turning CNC Metal Stainless Steel Parts,Steel,1.0
OEM Manufacturing Precision Component Metal Machining Parts Cnc Stainless Steel Custom Service,Steel,2.74
Custom Precision Cnc Machining Stainless Turning Steel Aluminum Parts OEM,Aluminum,2.74
Precision Customized Metal Part 304 Stainless Steel Aluminum Turning Cutting Milling Rapid Prototype Service,Aluminum,3.4
5 Axis 3D Printing Brass Aluminum Stainless Steel Electronic Parts Anodized Laser Service Milling Turning,Aluminum,3.4
Customized Precision CNC Machining Parts,Other,0.44
Customized 5 Axis CNC Precision Turning Service for Aluminum Die-Casting Drilling Metal Communication Components Processing,Aluminum,0.44
Cheap Customized 4 Axis Cnc Machining Processing Services Milling Parts Cnc Machine Rapid Prototype,Other,0.9
Customized Precision Aluminum 2024 7075 Stainless Steel 303 316 304 416 CNC Machining Parts,Aluminum,0.9
High Quality Customized Material CNC Machining Part /CNC Machining Service,Other,0.5
Dongguan Factory CNC Machining Stainless Steel CNC Manufacturing Hardware Parts Non-standard Parts,Steel,0.5
OEM Custom Cnc Quality Cnc Machining Custom Machining Parts Titanium Parts Aluminum Machined Parts,Aluminum,1.49
OEM Stainless Steel Tube Pin CNC Milling Parts Custom Machining Services Including Turning Milling Direct From Manufacturer,Steel,1.49
OEM Custom CNC Lathe Machining Services Turning Aluminum Milling Precision Metal Plastic CNC Machining Machine,Aluminum,0.7
High Quality Turning Parts Accessories Precision Aluminium Stainless Steel CNC Custom Car Machining Auto Spare Machinery,Steel,0.7
